24597,Justinn,40,1.33177e+06
102818,Marti,43,278520
716859,Aubrie,40,225247
24597,Justinn,40,1.33177e+06
102818,Marti,43,278520
716859,Aubrie,40,225247
24597,Justinn,40,1.33177e+06
102818,Marti,43,278520
716859,Aubrie,40,225247
24597,Justinn,40,1.33177e+06
102818,Marti,43,278520
716859,Aubrie,40,225247
24597,Justinn,40,1.33177e+06
102818,Marti,43,278520
716859,Aubrie,40,225247
24597,Justinn,40,1.33177e+06
102818,Marti,43,278520
716859,Aubrie,40,225247
24597,Justinn,40,1.33177e+06
102818,Marti,43,278520
716859,Aubrie,40,225247
24597,Justinn,40,1.33177e+06
102818,Marti,43,278520
716859,Aubrie,40,225247
24597,Justinn,40,1.33177e+06
102818,Marti,43,278520
716859,Aubrie,40,225247
